f-lig-I-0,f-lig-I-1,f-lig-I-2,f-lig-I-3,f-lig-S-0,f-lig-S-1,f-lig-S-2,f-lig-S-3,f-lig-T-0,f-lig-T-1,f-lig-T-2,f-lig-T-3,f-lig-Z-0,f-lig-Z-1,f-lig-Z-2,f-lig-Z-3,f-lig-chi-0,f-lig-chi-1,f-lig-chi-2,f-lig-chi-3,name
13.0,26.0,38.0,42.0,5.7333,12.7666,17.267799999999998,16.610999999999997,64.0,150.0,190.0,168.0,397.0,768.0,1020.0,884.0,91.28380000000001,176.00099999999995,261.86519999999996,273.57199999999995,temp_cif_primitive
13.0,26.0,38.0,42.0,5.7333,12.7666,17.267799999999998,16.610999999999997,64.0,150.0,190.0,168.0,397.0,768.0,1020.0,884.0,91.28380000000001,176.001,261.86519999999996,273.57199999999995,temp_cif_primitive
13.0,26.0,38.0,42.0,5.733300000000001,12.766599999999999,17.2678,16.610999999999997,64.0,150.0,190.0,168.0,397.0,768.0,1020.0,884.0,91.2838,176.001,261.8652,273.572,temp_cif_primitive
13.0,26.0,38.0,42.0,5.733300000000001,12.7666,17.2678,16.611,64.0,150.0,190.0,168.0,397.0,768.0,1020.0,884.0,91.2838,176.00100000000003,261.8652,273.572,temp_cif_primitive
13.0,26.0,38.0,42.0,5.7333,12.766600000000004,17.2678,16.610999999999997,64.0,150.0,190.0,168.0,397.0,768.0,1020.0,884.0,91.2838,176.001,261.8652,273.572,temp_cif_primitive
13.0,26.0,38.0,42.0,5.733299999999999,12.766600000000002,17.267800000000005,16.610999999999997,64.0,150.0,190.0,168.0,397.0,768.0,1020.0,884.0,91.2838,176.00100000000003,261.86519999999996,273.57199999999995,temp_cif_primitive
13.0,26.0,38.0,42.0,5.733299999999999,12.766600000000002,17.267800000000005,16.610999999999997,64.0,150.0,190.0,168.0,397.0,768.0,1020.0,884.0,91.2838,176.00100000000003,261.86519999999996,273.57199999999995,temp_cif_primitive
13.0,26.0,38.0,42.0,5.733300000000001,12.766599999999999,17.2678,16.610999999999997,64.0,150.0,190.0,168.0,397.0,768.0,1020.0,884.0,91.2838,176.001,261.8652,273.572,temp_cif_primitive
