f-lig-I-0,f-lig-I-1,f-lig-I-2,f-lig-I-3,f-lig-S-0,f-lig-S-1,f-lig-S-2,f-lig-S-3,f-lig-T-0,f-lig-T-1,f-lig-T-2,f-lig-T-3,f-lig-Z-0,f-lig-Z-1,f-lig-Z-2,f-lig-Z-3,f-lig-chi-0,f-lig-chi-1,f-lig-chi-2,f-lig-chi-3,name
17.0,34.0,50.0,58.0,7.192900000000001,16.2778,21.979400000000002,23.63340000000001,84.0,198.0,258.0,264.0,471.0,936.0,1164.0,1220.0,113.9688,224.45099999999996,329.92499999999995,370.472,temp_cif_primitive
17.0,34.0,50.0,58.0,7.192900000000002,16.2778,21.979400000000002,23.6334,84.0,198.0,258.0,264.0,471.0,936.0,1164.0,1220.0,113.9688,224.451,329.92499999999995,370.47200000000004,temp_cif_primitive
17.0,34.0,50.0,58.0,7.192900000000002,16.2778,21.979400000000002,23.6334,84.0,198.0,258.0,264.0,471.0,936.0,1164.0,1220.0,113.9688,224.451,329.92499999999995,370.47200000000004,temp_cif_primitive
17.0,34.0,50.0,58.0,7.192900000000002,16.2778,21.979400000000002,23.6334,84.0,198.0,258.0,264.0,471.0,936.0,1164.0,1220.0,113.9688,224.451,329.92499999999995,370.47200000000004,temp_cif_primitive
