f-lig-I-0,f-lig-I-1,f-lig-I-2,f-lig-I-3,f-lig-S-0,f-lig-S-1,f-lig-S-2,f-lig-S-3,f-lig-T-0,f-lig-T-1,f-lig-T-2,f-lig-T-3,f-lig-Z-0,f-lig-Z-1,f-lig-Z-2,f-lig-Z-3,f-lig-chi-0,f-lig-chi-1,f-lig-chi-2,f-lig-chi-3,name
18.0,36.0,52.0,66.0,8.488199999999999,18.451600000000003,26.402,30.817800000000002,88.0,212.0,292.0,314.0,676.0,1208.0,1816.0,2000.0,142.3816,262.01599999999996,385.0563999999999,479.12299999999993,temp_cif_primitive
18.0,36.0,52.0,66.0,8.488199999999999,18.451600000000003,26.402,30.817800000000002,88.0,212.0,292.0,314.0,676.0,1208.0,1816.0,2000.0,142.3816,262.01599999999996,385.0563999999999,479.12299999999993,temp_cif_primitive
16.0,32.0,44.0,50.0,8.2144,17.312000000000005,24.122799999999998,26.3186,76.0,176.0,224.0,228.0,674.0,1184.0,1768.0,1896.0,132.7016,239.57599999999996,340.1763999999999,381.53099999999984,temp_cif_primitive
