f-lig-I-0,f-lig-I-1,f-lig-I-2,f-lig-I-3,f-lig-S-0,f-lig-S-1,f-lig-S-2,f-lig-S-3,f-lig-T-0,f-lig-T-1,f-lig-T-2,f-lig-T-3,f-lig-Z-0,f-lig-Z-1,f-lig-Z-2,f-lig-Z-3,f-lig-chi-0,f-lig-chi-1,f-lig-chi-2,f-lig-chi-3,name
20.0,40.0,60.0,74.0,8.882000000000001,19.773600000000002,27.695600000000006,29.9418,100.0,240.0,316.0,330.0,622.0,1176.0,1648.0,1576.0,141.39939999999999,267.546,408.21040000000005,474.391,temp_cif_primitive
38.0,80.0,136.0,178.0,14.992600000000001,37.14480000000001,56.48400000000002,66.57220000000002,216.0,548.0,788.0,866.0,916.0,2088.0,2968.0,3242.0,242.1136,525.7080000000001,889.6804,1121.6612,temp_cif_primitive
38.0,80.0,136.0,178.0,14.992600000000001,37.14480000000002,56.484000000000016,66.57220000000002,216.0,548.0,788.0,866.0,916.0,2088.0,2968.0,3242.0,242.1136,525.7080000000001,889.6804,1121.6611999999998,temp_cif_primitive
20.0,40.0,60.0,74.0,8.882,19.773600000000005,27.6956,29.941799999999994,100.0,240.0,316.0,330.0,622.0,1176.0,1648.0,1576.0,141.39939999999999,267.5460000000001,408.21040000000005,474.3909999999999,temp_cif_primitive
