f-lig-I-0,f-lig-I-1,f-lig-I-2,f-lig-I-3,f-lig-S-0,f-lig-S-1,f-lig-S-2,f-lig-S-3,f-lig-T-0,f-lig-T-1,f-lig-T-2,f-lig-T-3,f-lig-Z-0,f-lig-Z-1,f-lig-Z-2,f-lig-Z-3,f-lig-chi-0,f-lig-chi-1,f-lig-chi-2,f-lig-chi-3,name
10.0,18.0,24.0,24.0,4.777,9.1938,11.2792,9.2568,42.0,90.0,88.0,64.0,402.0,624.0,832.0,546.0,83.0244,131.63099999999997,188.4004,175.84499999999997,temp_cif_primitive
10.0,18.0,24.0,24.0,4.777,9.1938,11.2792,9.2568,42.0,90.0,88.0,64.0,402.0,624.0,832.0,546.0,83.02439999999999,131.63099999999997,188.4004,175.84500000000003,temp_cif_primitive
10.0,18.0,24.0,24.0,4.777,9.1938,11.2792,9.2568,42.0,90.0,88.0,64.0,402.0,624.0,832.0,546.0,83.02439999999999,131.63099999999997,188.4004,175.84500000000003,temp_cif_primitive
10.0,18.0,24.0,24.0,4.777,9.1938,11.2792,9.2568,42.0,90.0,88.0,64.0,402.0,624.0,832.0,546.0,83.02439999999999,131.63099999999997,188.4004,175.84500000000003,temp_cif_primitive
6.0,10.0,12.0,8.0,3.3174,5.682600000000001,6.6284,4.263199999999999,22.0,42.0,28.0,8.0,328.0,456.0,640.0,512.0,60.33939999999999,83.18099999999998,117.51039999999998,94.66879999999999,temp_cif_primitive
6.0,10.0,12.0,8.0,3.3174,5.682600000000001,6.6284,4.263199999999999,22.0,42.0,28.0,8.0,328.0,456.0,640.0,512.0,60.33939999999999,83.18099999999998,117.51039999999998,94.66879999999999,temp_cif_primitive
