f-lig-I-0,f-lig-I-1,f-lig-I-2,f-lig-I-3,f-lig-S-0,f-lig-S-1,f-lig-S-2,f-lig-S-3,f-lig-T-0,f-lig-T-1,f-lig-T-2,f-lig-T-3,f-lig-Z-0,f-lig-Z-1,f-lig-Z-2,f-lig-Z-3,f-lig-chi-0,f-lig-chi-1,f-lig-chi-2,f-lig-chi-3,name
36.0,76.0,120.0,158.0,15.632400000000002,37.42200000000001,55.87760000000002,65.53740000000002,196.0,492.0,712.0,798.0,988.0,2112.0,3088.0,3300.0,235.46439999999998,490.92600000000004,776.9403999999997,979.497,temp_cif_primitive
36.0,76.0,120.0,158.0,15.632400000000002,37.42200000000001,55.87760000000002,65.53740000000002,196.0,492.0,712.0,798.0,988.0,2112.0,3088.0,3300.0,235.46439999999998,490.92600000000004,776.9403999999997,979.497,temp_cif_primitive
36.0,76.0,120.0,158.0,15.63240000000001,37.42200000000001,55.87760000000002,65.53739999999999,196.0,492.0,712.0,798.0,988.0,2112.0,3088.0,3300.0,235.46439999999996,490.92600000000016,776.9404000000002,979.4969999999995,temp_cif_primitive
36.0,76.0,120.0,158.0,15.63240000000001,37.42200000000002,55.87760000000002,65.53739999999999,196.0,492.0,712.0,798.0,988.0,2112.0,3088.0,3300.0,235.46439999999996,490.92600000000016,776.9404000000003,979.4969999999994,temp_cif_primitive
36.0,76.0,120.0,158.0,15.63240000000001,37.42200000000001,55.87760000000002,65.5374,196.0,492.0,712.0,798.0,988.0,2112.0,3088.0,3300.0,235.46439999999998,490.92600000000016,776.9404000000001,979.4969999999995,temp_cif_primitive
36.0,76.0,120.0,158.0,15.63240000000001,37.42200000000002,55.87760000000002,65.53739999999999,196.0,492.0,712.0,798.0,988.0,2112.0,3088.0,3300.0,235.46439999999996,490.92600000000016,776.9404000000003,979.4969999999994,temp_cif_primitive
