f-lig-I-0,f-lig-I-1,f-lig-I-2,f-lig-I-3,f-lig-S-0,f-lig-S-1,f-lig-S-2,f-lig-S-3,f-lig-T-0,f-lig-T-1,f-lig-T-2,f-lig-T-3,f-lig-Z-0,f-lig-Z-1,f-lig-Z-2,f-lig-Z-3,f-lig-chi-0,f-lig-chi-1,f-lig-chi-2,f-lig-chi-3,name
84.0,176.0,296.0,400.0,32.7828,81.00640000000007,121.78639999999994,148.8352,472.0,1192.0,1696.0,2024.0,2032.0,4616.0,6536.0,7248.0,540.5536000000002,1176.932,1966.5344000000007,2565.1968,temp_cif_primitive
84.0,176.0,296.0,400.0,32.7828,81.00640000000007,121.78639999999994,148.8352,472.0,1192.0,1696.0,2024.0,2032.0,4616.0,6536.0,7248.0,540.5536000000002,1176.932,1966.5344000000007,2565.1968,temp_cif_primitive
