f-lig-I-0,f-lig-I-1,f-lig-I-2,f-lig-I-3,f-lig-S-0,f-lig-S-1,f-lig-S-2,f-lig-S-3,f-lig-T-0,f-lig-T-1,f-lig-T-2,f-lig-T-3,f-lig-Z-0,f-lig-Z-1,f-lig-Z-2,f-lig-Z-3,f-lig-chi-0,f-lig-chi-1,f-lig-chi-2,f-lig-chi-3,name
19.0,40.0,58.0,60.0,8.854999999999999,20.543599999999998,28.119400000000002,26.682399999999998,98.0,228.0,286.0,260.0,746.0,1416.0,2020.0,1852.0,124.68280000000003,269.688,394.32180000000005,393.33320000000003,temp_cif_primitive
19.0,40.0,58.0,60.0,8.855,20.543599999999998,28.119400000000002,26.682400000000005,98.0,228.0,286.0,260.0,746.0,1416.0,2020.0,1852.0,124.68280000000003,269.688,394.32180000000005,393.3332,temp_cif_primitive
19.0,40.0,58.0,60.0,8.855000000000004,20.543600000000005,28.1194,26.68240000000001,98.0,228.0,286.0,260.0,746.0,1416.0,2020.0,1852.0,124.6828,269.68800000000005,394.32180000000005,393.3332,temp_cif_primitive
19.0,40.0,58.0,60.0,8.855000000000002,20.5436,28.1194,26.682400000000012,98.0,228.0,286.0,260.0,746.0,1416.0,2020.0,1852.0,124.6828,269.688,394.32180000000005,393.33320000000003,temp_cif_primitive
