f-lig-I-0,f-lig-I-1,f-lig-I-2,f-lig-I-3,f-lig-S-0,f-lig-S-1,f-lig-S-2,f-lig-S-3,f-lig-T-0,f-lig-T-1,f-lig-T-2,f-lig-T-3,f-lig-Z-0,f-lig-Z-1,f-lig-Z-2,f-lig-Z-3,f-lig-chi-0,f-lig-chi-1,f-lig-chi-2,f-lig-chi-3,name
5.0,8.0,12.0,0.0,3.2551999999999994,6.1904,6.394799999999999,0.0,20.0,32.0,12.0,0.0,481.0,960.0,768.0,0.0,52.13049999999999,60.2688,142.0032,0.0,temp_cif_primitive
5.0,8.0,12.0,0.0,3.2551999999999994,6.1904,6.394799999999999,0.0,20.0,32.0,12.0,0.0,481.0,960.0,768.0,0.0,52.13049999999999,60.2688,142.0032,0.0,temp_cif_primitive
5.0,8.0,12.0,0.0,3.2551999999999994,6.1904,6.394799999999999,0.0,20.0,32.0,12.0,0.0,481.0,960.0,768.0,0.0,52.13049999999999,60.2688,142.0032,0.0,temp_cif_primitive
5.0,8.0,12.0,0.0,3.2551999999999994,6.1904,6.394799999999999,0.0,20.0,32.0,12.0,0.0,481.0,960.0,768.0,0.0,52.13049999999999,60.2688,142.0032,0.0,temp_cif_primitive
5.0,8.0,12.0,0.0,3.2551999999999994,6.1904,6.394799999999999,0.0,20.0,32.0,12.0,0.0,481.0,960.0,768.0,0.0,52.13049999999999,60.2688,142.0032,0.0,temp_cif_primitive
5.0,8.0,12.0,0.0,3.2551999999999994,6.1904,6.394799999999999,0.0,20.0,32.0,12.0,0.0,481.0,960.0,768.0,0.0,52.13049999999999,60.2688,142.0032,0.0,temp_cif_primitive
5.0,8.0,12.0,0.0,3.2551999999999994,6.1904,6.394799999999999,0.0,20.0,32.0,12.0,0.0,481.0,960.0,768.0,0.0,52.13049999999999,60.2688,142.0032,0.0,temp_cif_primitive
5.0,8.0,12.0,0.0,3.2551999999999994,6.1904,6.394799999999999,0.0,20.0,32.0,12.0,0.0,481.0,960.0,768.0,0.0,52.13049999999999,60.2688,142.0032,0.0,temp_cif_primitive
