f-lig-I-0,f-lig-I-1,f-lig-I-2,f-lig-I-3,f-lig-S-0,f-lig-S-1,f-lig-S-2,f-lig-S-3,f-lig-T-0,f-lig-T-1,f-lig-T-2,f-lig-T-3,f-lig-Z-0,f-lig-Z-1,f-lig-Z-2,f-lig-Z-3,f-lig-chi-0,f-lig-chi-1,f-lig-chi-2,f-lig-chi-3,name
88.0,192.0,320.0,400.0,42.17959999999997,103.98720000000009,160.56800000000007,184.3344000000001,512.0,1296.0,1920.0,2208.0,3596.0,8256.0,10752.0,11144.0,607.8652000000004,1283.188799999999,2218.7423999999974,2601.0280000000002,temp_cif_primitive
88.0,192.0,320.0,400.0,42.17959999999997,103.98720000000009,160.56800000000007,184.3344000000001,512.0,1296.0,1920.0,2208.0,3596.0,8256.0,10752.0,11144.0,607.8652000000004,1283.188799999999,2218.7423999999974,2601.0280000000002,temp_cif_primitive
