f-lig-I-0,f-lig-I-1,f-lig-I-2,f-lig-I-3,f-lig-S-0,f-lig-S-1,f-lig-S-2,f-lig-S-3,f-lig-T-0,f-lig-T-1,f-lig-T-2,f-lig-T-3,f-lig-Z-0,f-lig-Z-1,f-lig-Z-2,f-lig-Z-3,f-lig-chi-0,f-lig-chi-1,f-lig-chi-2,f-lig-chi-3,name
34.0,72.0,114.0,136.0,15.237000000000002,36.006000000000014,53.437000000000005,60.58280000000001,186.0,458.0,652.0,724.0,1038.0,2198.0,3258.0,3420.0,236.74079999999998,491.45720000000006,780.7037999999999,913.071,temp_cif_primitive
34.0,72.0,114.0,136.0,15.237,36.006000000000014,53.43700000000002,60.582800000000006,186.0,458.0,652.0,724.0,1038.0,2198.0,3258.0,3420.0,236.7408,491.45720000000017,780.7038,913.0710000000001,temp_cif_primitive
34.0,72.0,114.0,136.0,15.237,36.006000000000014,53.43700000000002,60.582800000000006,186.0,458.0,652.0,724.0,1038.0,2198.0,3258.0,3420.0,236.7408,491.45720000000017,780.7038,913.0710000000001,temp_cif_primitive
34.0,72.0,114.0,136.0,15.237,36.006000000000014,53.43700000000002,60.582800000000006,186.0,458.0,652.0,724.0,1038.0,2198.0,3258.0,3420.0,236.7408,491.45720000000017,780.7038,913.0710000000001,temp_cif_primitive
