f-lig-I-0,f-lig-I-1,f-lig-I-2,f-lig-I-3,f-lig-S-0,f-lig-S-1,f-lig-S-2,f-lig-S-3,f-lig-T-0,f-lig-T-1,f-lig-T-2,f-lig-T-3,f-lig-Z-0,f-lig-Z-1,f-lig-Z-2,f-lig-Z-3,f-lig-chi-0,f-lig-chi-1,f-lig-chi-2,f-lig-chi-3,name
18.0,36.0,54.0,66.0,8.9442,19.126800000000003,27.591,31.000200000000007,90.0,216.0,294.0,306.0,711.0,1260.0,1896.0,1944.0,144.0441,255.969,399.64559999999994,462.2129999999999,temp_cif_primitive
18.0,36.0,54.0,66.0,8.9442,19.126800000000003,27.591,31.000200000000014,90.0,216.0,294.0,306.0,711.0,1260.0,1896.0,1944.0,144.0441,255.96900000000005,399.64559999999994,462.2129999999999,temp_cif_primitive
18.0,36.0,54.0,66.0,8.944200000000002,19.126800000000003,27.591,31.000200000000007,90.0,216.0,294.0,306.0,711.0,1260.0,1896.0,1944.0,144.0441,255.969,399.6456,462.2129999999999,temp_cif_primitive
18.0,36.0,54.0,66.0,8.9442,19.126800000000003,27.591,31.000200000000014,90.0,216.0,294.0,306.0,711.0,1260.0,1896.0,1944.0,144.0441,255.969,399.64559999999994,462.2129999999999,temp_cif_primitive
18.0,36.0,54.0,66.0,8.9442,19.126800000000003,27.591,31.00020000000001,90.0,216.0,294.0,306.0,711.0,1260.0,1896.0,1944.0,144.0441,255.96899999999994,399.6455999999999,462.2129999999999,temp_cif_primitive
18.0,36.0,54.0,66.0,8.944199999999999,19.126800000000006,27.590999999999998,31.000200000000017,90.0,216.0,294.0,306.0,711.0,1260.0,1896.0,1944.0,144.04410000000001,255.96899999999994,399.64559999999994,462.21299999999985,temp_cif_primitive
18.0,36.0,54.0,66.0,8.944199999999999,19.126800000000003,27.590999999999998,31.00020000000001,90.0,216.0,294.0,306.0,711.0,1260.0,1896.0,1944.0,144.04410000000001,255.96899999999994,399.6455999999999,462.2129999999999,temp_cif_primitive
18.0,36.0,54.0,66.0,8.944199999999999,19.126800000000003,27.590999999999998,31.00020000000001,90.0,216.0,294.0,306.0,711.0,1260.0,1896.0,1944.0,144.04410000000001,255.96899999999994,399.64559999999983,462.2129999999999,temp_cif_primitive
