f-lig-I-0,f-lig-I-1,f-lig-I-2,f-lig-I-3,f-lig-S-0,f-lig-S-1,f-lig-S-2,f-lig-S-3,f-lig-T-0,f-lig-T-1,f-lig-T-2,f-lig-T-3,f-lig-Z-0,f-lig-Z-1,f-lig-Z-2,f-lig-Z-3,f-lig-chi-0,f-lig-chi-1,f-lig-chi-2,f-lig-chi-3,name
28.0,58.0,96.0,116.0,14.2194,32.977799999999995,49.51599999999998,55.501200000000026,154.0,378.0,528.0,580.0,1488.0,3200.0,3868.0,3918.0,220.52979999999994,421.0298,732.1012000000003,826.7121999999999,temp_cif_primitive
28.0,58.0,96.0,116.0,14.2194,32.977799999999995,49.51599999999998,55.501200000000026,154.0,378.0,528.0,580.0,1488.0,3200.0,3868.0,3918.0,220.52979999999994,421.0298,732.1012000000003,826.7121999999999,temp_cif_primitive
28.0,58.0,96.0,116.0,14.2194,32.977799999999995,49.51599999999998,55.501200000000026,154.0,378.0,528.0,580.0,1488.0,3200.0,3868.0,3918.0,220.52979999999994,421.0298,732.1012000000003,826.7121999999999,temp_cif_primitive
28.0,58.0,96.0,116.0,14.2194,32.977799999999995,49.51599999999998,55.501200000000026,154.0,378.0,528.0,580.0,1488.0,3200.0,3868.0,3918.0,220.52979999999994,421.0298,732.1012000000003,826.7121999999999,temp_cif_primitive
