D_mc-I-0-all,D_mc-I-1-all,D_mc-I-2-all,D_mc-I-3-all,D_mc-S-0-all,D_mc-S-1-all,D_mc-S-2-all,D_mc-S-3-all,D_mc-T-0-all,D_mc-T-1-all,D_mc-T-2-all,D_mc-T-3-all,D_mc-Z-0-all,D_mc-Z-1-all,D_mc-Z-2-all,D_mc-Z-3-all,D_mc-chi-0-all,D_mc-chi-1-all,D_mc-chi-2-all,D_mc-chi-3-all,f-I-0-all,f-I-1-all,f-I-2-all,f-I-3-all,f-S-0-all,f-S-1-all,f-S-2-all,f-S-3-all,f-T-0-all,f-T-1-all,f-T-2-all,f-T-3-all,f-Z-0-all,f-Z-1-all,f-Z-2-all,f-Z-3-all,f-chi-0-all,f-chi-1-all,f-chi-2-all,f-chi-3-all,mc-I-0-all,mc-I-1-all,mc-I-2-all,mc-I-3-all,mc-S-0-all,mc-S-1-all,mc-S-2-all,mc-S-3-all,mc-T-0-all,mc-T-1-all,mc-T-2-all,mc-T-3-all,mc-Z-0-all,mc-Z-1-all,mc-Z-2-all,mc-Z-3-all,mc-chi-0-all,mc-chi-1-all,mc-chi-2-all,mc-chi-3-all,name
0.0,0.0,0.0,0.0,0.0,3.1400000000000006,3.920000000000001,11.040000000000001,0.0,22.0,24.0,64.0,0.0,116.0,168.0,376.0,0.0,-8.56,-5.359999999999999,-7.920000000000002,15.0,28.0,50.0,80.0,9.5874,20.255200000000006,34.17459999999999,45.3376,78.0,208.0,262.0,184.0,1371.0,3204.0,4498.0,3696.0,121.37199999999999,206.79040000000003,430.5219999999998,677.2799999999999,1.0,6.0,8.0,16.0,1.5876000000000001,5.5692,7.7616000000000005,11.491200000000001,36.0,84.0,144.0,192.0,729.0,1242.0,1296.0,1512.0,3.5343999999999998,37.2992,38.352,71.44,temp_cif_primitive
0.0,0.0,0.0,0.0,0.0,3.1400000000000006,3.920000000000001,11.040000000000001,0.0,22.0,24.0,64.0,0.0,116.0,168.0,376.0,0.0,-8.56,-5.359999999999999,-7.920000000000002,15.0,28.0,50.0,80.0,9.5874,20.255200000000006,34.17459999999999,45.33760000000001,78.0,208.0,262.0,184.0,1371.0,3204.0,4498.0,3696.0,121.372,206.79039999999998,430.522,677.2799999999997,1.0,6.0,8.0,16.0,1.5876000000000001,5.5692,7.7616000000000005,11.491200000000001,36.0,84.0,144.0,192.0,729.0,1242.0,1296.0,1512.0,3.5343999999999998,37.2992,38.352,71.44,temp_cif_primitive
