D_mc-I-0-all,D_mc-I-1-all,D_mc-I-2-all,D_mc-I-3-all,D_mc-S-0-all,D_mc-S-1-all,D_mc-S-2-all,D_mc-S-3-all,D_mc-T-0-all,D_mc-T-1-all,D_mc-T-2-all,D_mc-T-3-all,D_mc-Z-0-all,D_mc-Z-1-all,D_mc-Z-2-all,D_mc-Z-3-all,D_mc-chi-0-all,D_mc-chi-1-all,D_mc-chi-2-all,D_mc-chi-3-all,f-I-0-all,f-I-1-all,f-I-2-all,f-I-3-all,f-S-0-all,f-S-1-all,f-S-2-all,f-S-3-all,f-T-0-all,f-T-1-all,f-T-2-all,f-T-3-all,f-Z-0-all,f-Z-1-all,f-Z-2-all,f-Z-3-all,f-chi-0-all,f-chi-1-all,f-chi-2-all,f-chi-3-all,mc-I-0-all,mc-I-1-all,mc-I-2-all,mc-I-3-all,mc-S-0-all,mc-S-1-all,mc-S-2-all,mc-S-3-all,mc-T-0-all,mc-T-1-all,mc-T-2-all,mc-T-3-all,mc-Z-0-all,mc-Z-1-all,mc-Z-2-all,mc-Z-3-all,mc-chi-0-all,mc-chi-1-all,mc-chi-2-all,mc-chi-3-all,name
0.0,0.0,0.0,0.0,0.0,2.6500000000000004,1.9600000000000002,6.200000000000002,0.0,14.0,8.0,32.0,0.0,25.0,28.0,68.0,0.0,-9.149999999999999,-3.7599999999999985,-18.399999999999995,22.0,54.0,102.0,132.0,15.247899999999998,41.08440000000001,71.17919999999998,91.36680000000004,156.0,426.0,726.0,840.0,1555.0,4272.0,7494.0,9024.0,200.62809999999996,376.6799999999999,966.1038000000001,1002.6911999999996,1.0,5.0,6.0,12.0,1.5876000000000001,4.599,7.056,11.239200000000002,25.0,55.0,110.0,140.0,169.0,520.0,650.0,1144.0,2.5921000000000003,27.692000000000004,21.606199999999998,60.72920000000001,temp_cif_primitive
0.0,0.0,0.0,0.0,0.0,2.6500000000000004,1.9600000000000002,6.200000000000002,0.0,14.0,8.0,32.0,0.0,25.0,28.0,68.0,0.0,-9.149999999999999,-3.7599999999999985,-18.399999999999995,22.0,54.0,102.0,132.0,15.247899999999998,41.08440000000002,71.17919999999998,91.36680000000004,156.0,426.0,726.0,840.0,1555.0,4272.0,7494.0,9024.0,200.62809999999993,376.67999999999995,966.1038000000001,1002.6911999999996,1.0,5.0,6.0,12.0,1.5876000000000001,4.599,7.056,11.239200000000002,25.0,55.0,110.0,140.0,169.0,520.0,650.0,1144.0,2.5921000000000003,27.692000000000004,21.606199999999998,60.72920000000001,temp_cif_primitive
