D_mc-I-0-all,D_mc-I-1-all,D_mc-I-2-all,D_mc-I-3-all,D_mc-S-0-all,D_mc-S-1-all,D_mc-S-2-all,D_mc-S-3-all,D_mc-T-0-all,D_mc-T-1-all,D_mc-T-2-all,D_mc-T-3-all,D_mc-Z-0-all,D_mc-Z-1-all,D_mc-Z-2-all,D_mc-Z-3-all,D_mc-chi-0-all,D_mc-chi-1-all,D_mc-chi-2-all,D_mc-chi-3-all,f-I-0-all,f-I-1-all,f-I-2-all,f-I-3-all,f-S-0-all,f-S-1-all,f-S-2-all,f-S-3-all,f-T-0-all,f-T-1-all,f-T-2-all,f-T-3-all,f-Z-0-all,f-Z-1-all,f-Z-2-all,f-Z-3-all,f-chi-0-all,f-chi-1-all,f-chi-2-all,f-chi-3-all,mc-I-0-all,mc-I-1-all,mc-I-2-all,mc-I-3-all,mc-S-0-all,mc-S-1-all,mc-S-2-all,mc-S-3-all,mc-T-0-all,mc-T-1-all,mc-T-2-all,mc-T-3-all,mc-Z-0-all,mc-Z-1-all,mc-Z-2-all,mc-Z-3-all,mc-chi-0-all,mc-chi-1-all,mc-chi-2-all,mc-chi-3-all,name
0.0,0.0,0.0,0.0,0.0,5.154285714285715,2.577142857142857,14.777142857142858,0.0,24.0,11.428571428571429,69.71428571428571,0.0,75.42857142857143,52.0,185.14285714285714,0.0,-15.422857142857142,-6.931428571428571,-40.134285714285696,35.0,104.0,232.0,300.0,34.37630000000001,108.51919999999993,209.0223999999998,283.40119999999996,384.0,1312.0,2380.0,2896.0,4343.0,11224.0,22772.0,35500.0,305.0981999999999,512.2656000000002,2117.8308,1855.3200000000002,1.0,6.285714285714286,6.857142857142857,18.0,2.4624857142857146,7.451028571428572,12.821428571428571,21.02979999999999,40.0,100.57142857142857,198.85714285714286,270.85714285714283,707.2857142857143,1103.4285714285713,1368.5714285714287,2239.714285714286,0.9142000000000001,20.628800000000002,13.148285714285716,54.24531428571429,temp_cif_primitive
0.0,0.0,0.0,0.0,0.0,5.154285714285715,2.577142857142857,14.777142857142858,0.0,24.0,11.428571428571429,69.71428571428571,0.0,75.42857142857143,52.0,185.14285714285714,0.0,-15.422857142857142,-6.931428571428571,-40.134285714285696,17.0,32.0,72.0,112.0,11.585599999999998,28.382399999999997,50.0024,61.319999999999965,104.0,288.0,352.0,224.0,5129.0,9216.0,10864.0,6272.0,169.8116,227.8656000000001,716.1855999999999,1171.2512,1.0,6.285714285714286,6.857142857142857,18.0,2.4624857142857146,7.451028571428572,12.821428571428571,21.02979999999999,40.0,100.57142857142857,198.85714285714286,270.85714285714283,707.2857142857143,1103.4285714285713,1368.5714285714287,2239.714285714286,0.9142000000000001,20.628800000000002,13.148285714285716,54.24531428571429,temp_cif_primitive
