D_mc-I-0-all,D_mc-I-1-all,D_mc-I-2-all,D_mc-I-3-all,D_mc-S-0-all,D_mc-S-1-all,D_mc-S-2-all,D_mc-S-3-all,D_mc-T-0-all,D_mc-T-1-all,D_mc-T-2-all,D_mc-T-3-all,D_mc-Z-0-all,D_mc-Z-1-all,D_mc-Z-2-all,D_mc-Z-3-all,D_mc-chi-0-all,D_mc-chi-1-all,D_mc-chi-2-all,D_mc-chi-3-all,f-I-0-all,f-I-1-all,f-I-2-all,f-I-3-all,f-S-0-all,f-S-1-all,f-S-2-all,f-S-3-all,f-T-0-all,f-T-1-all,f-T-2-all,f-T-3-all,f-Z-0-all,f-Z-1-all,f-Z-2-all,f-Z-3-all,f-chi-0-all,f-chi-1-all,f-chi-2-all,f-chi-3-all,mc-I-0-all,mc-I-1-all,mc-I-2-all,mc-I-3-all,mc-S-0-all,mc-S-1-all,mc-S-2-all,mc-S-3-all,mc-T-0-all,mc-T-1-all,mc-T-2-all,mc-T-3-all,mc-Z-0-all,mc-Z-1-all,mc-Z-2-all,mc-Z-3-all,mc-chi-0-all,mc-chi-1-all,mc-chi-2-all,mc-chi-3-all,name
0.0,0.0,0.0,0.0,0.0,3.08,5.68,14.559999999999999,0.0,22.0,24.0,64.0,0.0,154.0,336.0,712.0,0.0,-7.34,-6.879999999999997,-10.959999999999997,15.0,28.0,54.0,80.0,13.1036,26.408000000000005,50.4468,62.21600000000001,82.0,216.0,262.0,176.0,8406.0,13536.0,17038.0,12192.0,105.9937,183.11440000000002,375.4048000000001,589.152,1.0,6.0,8.0,16.0,2.1904,8.583999999999998,9.1168,13.497599999999997,36.0,84.0,144.0,192.0,2304.0,6432.0,2304.0,2688.0,2.8560999999999996,29.541199999999996,34.476,64.22000000000001,temp_cif_primitive
0.0,0.0,0.0,0.0,0.0,3.08,5.68,14.559999999999999,0.0,22.0,24.0,64.0,0.0,154.0,336.0,712.0,0.0,-7.34,-6.879999999999997,-10.959999999999997,15.0,28.0,54.0,80.0,13.1036,26.408000000000005,50.44680000000001,62.216,82.0,216.0,262.0,176.0,8406.0,13536.0,17038.0,12192.0,105.99369999999999,183.11440000000005,375.4048000000001,589.152,1.0,6.0,8.0,16.0,2.1904,8.583999999999998,9.1168,13.497599999999997,36.0,84.0,144.0,192.0,2304.0,6432.0,2304.0,2688.0,2.8560999999999996,29.541199999999996,34.476,64.22000000000001,temp_cif_primitive
