D_mc-I-0-all,D_mc-I-1-all,D_mc-I-2-all,D_mc-I-3-all,D_mc-S-0-all,D_mc-S-1-all,D_mc-S-2-all,D_mc-S-3-all,D_mc-T-0-all,D_mc-T-1-all,D_mc-T-2-all,D_mc-T-3-all,D_mc-Z-0-all,D_mc-Z-1-all,D_mc-Z-2-all,D_mc-Z-3-all,D_mc-chi-0-all,D_mc-chi-1-all,D_mc-chi-2-all,D_mc-chi-3-all,f-I-0-all,f-I-1-all,f-I-2-all,f-I-3-all,f-S-0-all,f-S-1-all,f-S-2-all,f-S-3-all,f-T-0-all,f-T-1-all,f-T-2-all,f-T-3-all,f-Z-0-all,f-Z-1-all,f-Z-2-all,f-Z-3-all,f-chi-0-all,f-chi-1-all,f-chi-2-all,f-chi-3-all,mc-I-0-all,mc-I-1-all,mc-I-2-all,mc-I-3-all,mc-S-0-all,mc-S-1-all,mc-S-2-all,mc-S-3-all,mc-T-0-all,mc-T-1-all,mc-T-2-all,mc-T-3-all,mc-Z-0-all,mc-Z-1-all,mc-Z-2-all,mc-Z-3-all,mc-chi-0-all,mc-chi-1-all,mc-chi-2-all,mc-chi-3-all,name
0.0,0.0,0.0,0.0,0.0,1.4133333333333333,2.7199999999999993,6.706666666666666,0.0,-0.6666666666666666,-1.3333333333333333,6.666666666666667,0.0,106.66666666666667,218.66666666666666,444.0,0.0,-2.9600000000000004,-3.306666666666666,-5.253333333333335,27.0,64.0,94.0,112.0,18.901600000000002,43.32640000000003,67.38059999999999,77.8656,158.0,388.0,558.0,648.0,7595.0,7184.0,11630.0,12344.0,189.1475,445.9792,638.9744,769.5727999999999,1.0,2.6666666666666665,5.333333333333333,10.666666666666666,1.6384,2.56,5.256533333333333,8.891733333333333,7.333333333333333,22.0,44.0,62.0,2209.0,877.3333333333334,1504.0,2694.6666666666665,3.7248999999999994,15.645866666666663,26.247999999999994,49.87120000000001,temp_cif_primitive
0.0,0.0,0.0,0.0,0.0,1.4133333333333333,2.7199999999999993,6.706666666666666,0.0,-0.6666666666666666,-1.3333333333333333,6.666666666666667,0.0,106.66666666666667,218.66666666666666,444.0,0.0,-2.9600000000000004,-3.306666666666666,-5.253333333333335,27.0,64.0,94.0,112.0,18.901600000000002,43.32640000000003,67.38059999999999,77.8656,158.0,388.0,558.0,648.0,7595.0,7184.0,11630.0,12344.0,189.1475,445.9792,638.9744,769.5727999999998,1.0,2.6666666666666665,5.333333333333333,10.666666666666666,1.6384,2.56,5.256533333333333,8.891733333333333,7.333333333333333,22.0,44.0,62.0,2209.0,877.3333333333334,1504.0,2694.6666666666665,3.7248999999999994,15.645866666666663,26.247999999999994,49.87120000000001,temp_cif_primitive
