D_mc-I-0-all,D_mc-I-1-all,D_mc-I-2-all,D_mc-I-3-all,D_mc-S-0-all,D_mc-S-1-all,D_mc-S-2-all,D_mc-S-3-all,D_mc-T-0-all,D_mc-T-1-all,D_mc-T-2-all,D_mc-T-3-all,D_mc-Z-0-all,D_mc-Z-1-all,D_mc-Z-2-all,D_mc-Z-3-all,D_mc-chi-0-all,D_mc-chi-1-all,D_mc-chi-2-all,D_mc-chi-3-all,f-I-0-all,f-I-1-all,f-I-2-all,f-I-3-all,f-S-0-all,f-S-1-all,f-S-2-all,f-S-3-all,f-T-0-all,f-T-1-all,f-T-2-all,f-T-3-all,f-Z-0-all,f-Z-1-all,f-Z-2-all,f-Z-3-all,f-chi-0-all,f-chi-1-all,f-chi-2-all,f-chi-3-all,mc-I-0-all,mc-I-1-all,mc-I-2-all,mc-I-3-all,mc-S-0-all,mc-S-1-all,mc-S-2-all,mc-S-3-all,mc-T-0-all,mc-T-1-all,mc-T-2-all,mc-T-3-all,mc-Z-0-all,mc-Z-1-all,mc-Z-2-all,mc-Z-3-all,mc-chi-0-all,mc-chi-1-all,mc-chi-2-all,mc-chi-3-all,name
0.0,0.0,0.0,0.0,0.0,2.3200000000000003,1.6200000000000006,6.840000000000002,0.0,6.0,3.0,21.0,0.0,88.0,72.0,270.0,0.0,-7.159999999999998,-2.6999999999999997,-18.81,23.0,56.0,96.0,132.0,17.349500000000003,44.092000000000006,76.77600000000001,102.57960000000001,152.0,416.0,720.0,864.0,4648.0,8832.0,18960.0,20160.0,203.74179999999996,392.15999999999985,843.6659999999996,934.9920000000001,1.0,4.0,6.0,12.0,1.7161000000000004,3.8251999999999997,8.174400000000004,11.632800000000003,16.0,40.0,84.0,108.0,900.0,960.0,3240.0,2700.0,2.7224999999999997,22.704,20.789999999999996,63.706500000000005,temp_cif_primitive
0.0,0.0,0.0,0.0,0.0,2.3200000000000003,1.6200000000000006,6.840000000000002,0.0,6.0,3.0,21.0,0.0,88.0,72.0,270.0,0.0,-7.159999999999998,-2.6999999999999997,-18.81,23.0,56.0,96.0,132.0,17.349500000000003,44.092000000000006,76.77600000000002,102.57959999999999,152.0,416.0,720.0,864.0,4648.0,8832.0,18960.0,20160.0,203.74179999999996,392.15999999999985,843.6659999999997,934.9920000000001,1.0,4.0,6.0,12.0,1.7161000000000004,3.8251999999999997,8.174400000000004,11.632800000000003,16.0,40.0,84.0,108.0,900.0,960.0,3240.0,2700.0,2.7224999999999997,22.704,20.789999999999996,63.706500000000005,temp_cif_primitive
