D_mc-I-0-all,D_mc-I-1-all,D_mc-I-2-all,D_mc-I-3-all,D_mc-S-0-all,D_mc-S-1-all,D_mc-S-2-all,D_mc-S-3-all,D_mc-T-0-all,D_mc-T-1-all,D_mc-T-2-all,D_mc-T-3-all,D_mc-Z-0-all,D_mc-Z-1-all,D_mc-Z-2-all,D_mc-Z-3-all,D_mc-chi-0-all,D_mc-chi-1-all,D_mc-chi-2-all,D_mc-chi-3-all,f-I-0-all,f-I-1-all,f-I-2-all,f-I-3-all,f-S-0-all,f-S-1-all,f-S-2-all,f-S-3-all,f-T-0-all,f-T-1-all,f-T-2-all,f-T-3-all,f-Z-0-all,f-Z-1-all,f-Z-2-all,f-Z-3-all,f-chi-0-all,f-chi-1-all,f-chi-2-all,f-chi-3-all,mc-I-0-all,mc-I-1-all,mc-I-2-all,mc-I-3-all,mc-S-0-all,mc-S-1-all,mc-S-2-all,mc-S-3-all,mc-T-0-all,mc-T-1-all,mc-T-2-all,mc-T-3-all,mc-Z-0-all,mc-Z-1-all,mc-Z-2-all,mc-Z-3-all,mc-chi-0-all,mc-chi-1-all,mc-chi-2-all,mc-chi-3-all,name
0.0,0.0,0.0,0.0,0.0,2.8433333333333333,4.3,9.43,0.0,8.0,8.0,23.0,0.0,164.33333333333334,250.0,473.6666666666667,0.0,-6.010000000000001,-6.139999999999998,-10.549999999999999,23.0,56.0,108.0,142.0,19.3172,48.93660000000001,89.94380000000001,112.02699999999997,164.0,462.0,796.0,882.0,8508.0,13878.0,20980.0,23886.0,173.71950000000004,376.69759999999997,793.6368000000001,1049.2824000000003,1.0,4.333333333333333,6.666666666666667,11.666666666666666,2.1904,5.283600000000001,8.238666666666665,11.598266666666666,19.0,48.0,91.33333333333333,118.66666666666667,2304.0,2096.0,3360.0,4144.0,2.8560999999999996,22.53333333333333,29.417266666666663,51.150666666666666,temp_cif_primitive
0.0,0.0,0.0,0.0,0.0,2.8433333333333333,4.3,9.43,0.0,8.0,8.0,23.0,0.0,164.33333333333334,250.0,473.6666666666667,0.0,-6.010000000000001,-6.139999999999998,-10.549999999999999,23.0,56.0,108.0,142.0,19.3172,48.93660000000001,89.94380000000001,112.02699999999999,164.0,462.0,796.0,882.0,8508.0,13878.0,20980.0,23886.0,173.71950000000004,376.69759999999997,793.6368000000001,1049.2824,1.0,4.333333333333333,6.666666666666667,11.666666666666666,2.1904,5.283600000000001,8.238666666666665,11.598266666666666,19.0,48.0,91.33333333333333,118.66666666666667,2304.0,2096.0,3360.0,4144.0,2.8560999999999996,22.53333333333333,29.417266666666663,51.150666666666666,temp_cif_primitive
