D_mc-I-0-all,D_mc-I-1-all,D_mc-I-2-all,D_mc-I-3-all,D_mc-S-0-all,D_mc-S-1-all,D_mc-S-2-all,D_mc-S-3-all,D_mc-T-0-all,D_mc-T-1-all,D_mc-T-2-all,D_mc-T-3-all,D_mc-Z-0-all,D_mc-Z-1-all,D_mc-Z-2-all,D_mc-Z-3-all,D_mc-chi-0-all,D_mc-chi-1-all,D_mc-chi-2-all,D_mc-chi-3-all,f-I-0-all,f-I-1-all,f-I-2-all,f-I-3-all,f-S-0-all,f-S-1-all,f-S-2-all,f-S-3-all,f-T-0-all,f-T-1-all,f-T-2-all,f-T-3-all,f-Z-0-all,f-Z-1-all,f-Z-2-all,f-Z-3-all,f-chi-0-all,f-chi-1-all,f-chi-2-all,f-chi-3-all,mc-I-0-all,mc-I-1-all,mc-I-2-all,mc-I-3-all,mc-S-0-all,mc-S-1-all,mc-S-2-all,mc-S-3-all,mc-T-0-all,mc-T-1-all,mc-T-2-all,mc-T-3-all,mc-Z-0-all,mc-Z-1-all,mc-Z-2-all,mc-Z-3-all,mc-chi-0-all,mc-chi-1-all,mc-chi-2-all,mc-chi-3-all,name
0.0,0.0,0.0,0.0,0.0,6.480000000000003,5.420000000000001,19.28,0.0,42.0,34.0,134.0,0.0,256.0,214.0,776.0,0.0,-16.88,-6.619999999999998,-47.07999999999999,54.0,152.0,432.0,672.0,38.94480000000001,137.06480000000013,306.56640000000027,470.5872000000002,632.0,2336.0,4812.0,6360.0,12084.0,33088.0,72384.0,91776.0,486.6785999999997,920.8192000000006,4251.559199999997,4714.176000000003,1.0,8.0,10.0,24.0,2.3716000000000004,8.9936,15.369200000000005,27.227200000000014,64.0,176.0,368.0,464.0,1600.0,2560.0,7440.0,7360.0,1.7689000000000001,36.60160000000001,26.493600000000004,105.06999999999998,temp_cif_primitive
