name,cif_file,Di,Df,Dif,rho,VSA,GSA,VPOV,GPOV,POAV_vol_frac,PONAV_vol_frac,GPOAV,GPONAV,POAV,PONAV
temp,temp.cif,11.38838,4.31822,11.38838,4796.6,1238.14,1304.51,0.4794,0.5050962675134808,0.3997,0.0797,0.421124,0.083972,1917.2,382.289
