name,cif_file,Di,Df,Dif,rho,VSA,GSA,VPOV,GPOV,POAV_vol_frac,PONAV_vol_frac,GPOAV,GPONAV,POAV,PONAV
temp,temp.cif,8.57756,4.10987,8.57756,2271.31,996.381,818.998,0.4313,0.35451549001717914,0.3352,0.0961,0.275525,0.0789916,761.343,218.273
